scorer,,,baxter,baxter,baxter,baxter,baxter,baxter
bodyparts,,,toe,toe,ankle,ankle,knee,knee
coords,,,x,y,x,y,x,y
labeled-data,stim_block_015,img04.png,377.6984995489809,465.63328530189256,348.0158724022617,341.7083169643398,529.079897997249,241.5294503441624
labeled-data,stim_block_015,img14.png,379.9246965849849,465.63328530189256,349.50000375959763,341.7083169643398,533.5322920692569,245.23977873750232
labeled-data,stim_block_015,img30.png,373.988171155641,463.4070882658886,345.78967536625777,340.22418560700385,533.5322920692569,242.27151602283038
labeled-data,stim_block_015,img36.png,378.4405652276489,469.3436136952325,347.27380672359374,348.3869080723516,532.7902263905888,242.27151602283038
