scorer,,,baxter,baxter,baxter,baxter,baxter,baxter
bodyparts,,,toe,toe,ankle,ankle,knee,knee
coords,,,x,y,x,y,x,y
labeled-data,stim_block_006 2,img09.png,309.4284571115267,545.7763785980345,359.8889232609494,345.4186453576797,675.2668366948411,261.56522366819786
labeled-data,stim_block_006 2,img27.png,304.2339973608508,543.5501815620305,359.8889232609494,346.90277671501565,674.5247710161732,255.62869823885404
labeled-data,stim_block_006 2,img35.png,310.9125884688627,544.2922472406985,359.1468575822814,345.4186453576797,675.2668366948411,259.33902663219396
labeled-data,stim_block_006 2,img45.png,310.9125884688627,546.5184442767024,359.1468575822814,347.64484239368363,675.2668366948411,260.08109231086195
