scorer,,,baxter,baxter,baxter,baxter,baxter,baxter
bodyparts,,,toe,toe,ankle,ankle,knee,knee
coords,,,x,y,x,y,x,y
labeled-data,stim_block_002,img08.png,304.9760630395188,504.96276627129555,351.7262007956016,315.7360182109605,624.8063705454185,209.62062616143925
labeled-data,stim_block_002,img11.png,304.9760630395188,496.8000438059478,348.0158724022617,306.8312300669447,623.3222391880826,211.1047575187752
labeled-data,stim_block_002,img30.png,189.95588284598182,412.94662211646596,322.0435736488824,274.18034020555353,613.6753853653988,208.87856048277126
labeled-data,stim_block_002,img41.png,180.30902902329808,401.81563693644625,319.07531093421045,265.2755520615378,613.6753853653988,208.87856048277126
