scorer,,,baxter,baxter,baxter,baxter,baxter,baxter
bodyparts,,,toe,toe,ankle,ankle,knee,knee
coords,,,x,y,x,y,x,y
labeled-data,stim_block_014,img05.png,316.1070482195385,498.28417516328375,359.8889232609494,350.61310510835557,627.7746332600904,303.1209016736048
labeled-data,stim_block_014,img22.png,321.3015079702144,499.7683065206197,354.6944635102735,356.5496305376994,630.7428959747623,308.3153614242807
labeled-data,stim_block_014,img35.png,323.52770500621835,494.57384676994377,359.1468575822814,352.8393021443595,633.7111586894342,304.6050330309408
labeled-data,stim_block_014,img58.png,304.2339973608508,489.37938701926794,355.4365291889415,350.61310510835557,624.8063705454185,300.89470463760085
