scorer,,,baxter,baxter,baxter,baxter,baxter,baxter
bodyparts,,,toe,toe,ankle,ankle,knee,knee
coords,,,x,y,x,y,x,y
labeled-data,stim_block_027,img01.png,344.3055440089218,486.411124304596,365.08338301162524,330.5773317843201,621.8381078307466,255.62869823885404
labeled-data,stim_block_027,img22.png,322.0435736488824,486.411124304596,365.82544869029323,330.5773317843201,621.0960421520786,255.62869823885404
labeled-data,stim_block_027,img42.png,325.01183636355427,484.92699294726003,368.0516457262972,330.5773317843201,621.8381078307466,254.14456688151807
labeled-data,stim_block_027,img50.png,349.50000375959763,491.60558405527195,369.53577708363315,326.8670033909802,620.3539764734106,253.4025012028501
