scorer,,,baxter,baxter,baxter,baxter,baxter,baxter
bodyparts,,,toe,toe,ankle,ankle,knee,knee
coords,,,x,y,x,y,x,y
labeled-data,stim_block_004,img11.png,253.0314655327602,516.8358171299832,251.54733417542423,363.22822164571124,477.1353004904903,194.03724690941164
labeled-data,stim_block_004,img35.png,266.3886477487838,519.8040798446551,258.967990962104,362.48615596704326,485.29802295583806,188.84278715873577
labeled-data,stim_block_004,img50.png,241.1584146740725,502.73656923529165,247.09494010341632,346.16071103634766,479.3614975264943,180.680064693388
labeled-data,stim_block_004,img56.png,238.19015195940057,499.7683065206197,246.35287442474834,341.7083169643398,482.32976024116624,185.13245876539588
