scorer,,,baxter,baxter,baxter,baxter,baxter,baxter
bodyparts,,,toe,toe,ankle,ankle,knee,knee
coords,,,x,y,x,y,x,y
labeled-data,stim_block_016,img08.png,380.66676226365286,501.2524378779557,391.79774744367256,352.09723646569154,525.3695696039091,217.04128294811903
labeled-data,stim_block_016,img29.png,376.95643387031294,501.2524378779557,391.79774744367256,352.09723646569154,532.0481607119209,217.78334862678702
labeled-data,stim_block_016,img38.png,373.988171155641,502.73656923529165,391.79774744367256,356.5496305376994,533.5322920692569,219.26747998412299
labeled-data,stim_block_016,img50.png,377.6984995489809,507.9310289859675,374.730236834309,358.77582757370334,532.7902263905888,220.00954566279097
