scorer,,,baxter,baxter,baxter,baxter,baxter,baxter
bodyparts,,,toe,toe,ankle,ankle,knee,knee
coords,,,x,y,x,y,x,y
labeled-data,stim_block_005,img11.png,330.94836179289814,511.64135737930735,351.7262007956016,340.22418560700385,598.8340717920391,210.36269184010723
labeled-data,stim_block_005,img30.png,291.61888082349515,500.51037219928764,351.7262007956016,334.28766017766,597.3499404347032,208.87856048277126
labeled-data,stim_block_005,img48.png,320.5594422915464,510.8992917006394,353.21033215293755,340.22418560700385,600.3182031493751,202.94203505342742
labeled-data,stim_block_005,img60.png,327.9800990782262,516.0937514513153,349.50000375959763,337.2559228923319,599.5761374707072,202.19996937475943
