scorer,,,baxter,baxter,baxter,baxter,baxter,baxter
bodyparts,,,toe,toe,ankle,ankle,knee,knee
coords,,,x,y,x,y,x,y
labeled-data,stim_block_006,img03.png,291.61888082349515,504.96276627129555,299.039537610175,309.0574271029486,526.8537009612451,153.2236345826727
labeled-data,stim_block_006,img24.png,278.2616986074715,500.51037219928764,297.555406252839,303.1209016736048,528.337832318581,153.9657002613407
labeled-data,stim_block_006,img36.png,276.0355015714676,504.2207005926275,297.555406252839,307.5732957456127,528.337832318581,159.16016001201655
labeled-data,stim_block_006,img57.png,285.68235539415133,505.7048319499635,293.1030121808311,303.8629673522728,522.4013068892372,151.73950322533673
