scorer,,,baxter,baxter,baxter,baxter,baxter,baxter
bodyparts,,,toe,toe,ankle,ankle,knee,knee
coords,,,x,y,x,y,x,y
labeled-data,stim_block_007,img12.png,307.20226007552276,496.05797812727974,371.0199084409691,351.35517078702355,627.7746332600904,301.63677031626884
labeled-data,stim_block_007,img19.png,311.65465414753066,492.3476497339399,367.3095800476292,352.8393021443595,629.2587646174263,301.63677031626884
labeled-data,stim_block_007,img50.png,307.94432575419074,491.60558405527195,368.0516457262972,352.09723646569154,631.4849616534303,297.9264419229289
labeled-data,stim_block_007,img60.png,295.32920921683507,484.1849272685921,359.8889232609494,346.90277671501565,627.7746332600904,299.4105732802649
