scorer,,,baxter,baxter,baxter,baxter,baxter,baxter
bodyparts,,,toe,toe,ankle,ankle,knee,knee
coords,,,x,y,x,y,x,y
labeled-data,stim_block_012,img08.png,192.18207988198577,503.4786349139596,266.3886477487838,358.03376189503535,522.4013068892372,244.49771305883434
labeled-data,stim_block_012,img25.png,196.63447395399362,500.51037219928764,267.87277910611976,366.1964843603832,522.4013068892372,243.01358170149837
labeled-data,stim_block_012,img43.png,195.89240827532564,500.51037219928764,267.87277910611976,364.7123530030472,523.1433725679051,240.78738466549441
labeled-data,stim_block_012,img45.png,190.6979485246498,504.2207005926275,267.87277910611976,364.7123530030472,524.6275039252411,240.78738466549441
