scorer,,,baxter,baxter,baxter,baxter,baxter,baxter
bodyparts,,,toe,toe,ankle,ankle,knee,knee
coords,,,x,y,x,y,x,y
labeled-data,stim_block_013,img02.png,291.61888082349515,533.1612620606788,310.1705227901947,352.09723646569154,563.2149192159761,242.27151602283038
labeled-data,stim_block_013,img19.png,298.297471931507,530.9350650246748,309.4284571115267,352.09723646569154,572.8617730386599,242.27151602283038
labeled-data,stim_block_013,img54.png,287.9085524301553,524.9985395953311,306.4601943968548,347.64484239368363,570.6355760026559,242.27151602283038
labeled-data,stim_block_013,img57.png,287.1664867514873,524.9985395953311,303.49193168218284,345.4186453576797,570.6355760026559,242.27151602283038
