scorer,,,baxter,baxter,baxter,baxter,baxter,baxter
bodyparts,,,toe,toe,ankle,ankle,knee,knee
coords,,,x,y,x,y,x,y
labeled-data,stim_block_011,img12.png,386.6032876929967,506.4468976286315,353.95239783160554,344.6765796790117,549.1156713212845,191.06898419473973
labeled-data,stim_block_011,img22.png,382.8929592996568,501.2524378779557,354.6944635102735,347.64484239368363,552.0839340359564,191.8110498734077
labeled-data,stim_block_011,img28.png,385.1191563356607,500.51037219928764,353.95239783160554,347.64484239368363,552.0839340359564,191.8110498734077
labeled-data,stim_block_011,img34.png,382.1508936209888,501.9945035566236,354.6944635102735,351.35517078702355,555.0521967506284,192.5531155520757
