scorer,,,baxter,baxter,baxter,baxter,baxter,baxter
bodyparts,,,toe,toe,ankle,ankle,knee,knee
coords,,,x,y,x,y,x,y
labeled-data,stim_block_018,img06.png,188.47175148864585,539.0977874900226,211.47578752735325,343.1924483216758,542.4370802132727,283.08512834956935
labeled-data,stim_block_018,img18.png,127.62236583787144,516.0937514513153,208.5075248126813,330.5773317843201,546.8894742852805,290.50578513624913
labeled-data,stim_block_018,img36.png,114.26518362184778,510.8992917006394,208.5075248126813,330.5773317843201,549.1156713212845,293.47404785092107
labeled-data,stim_block_018,img49.png,156.5629273059227,538.3557218113547,212.95991888468922,337.2559228923319,546.8894742852805,291.9899164935851
