scorer,,,baxter,baxter,baxter,baxter,baxter,baxter
bodyparts,,,toe,toe,ankle,ankle,knee,knee
coords,,,x,y,x,y,x,y
labeled-data,stim_block_019,img11.png,230.76949517272072,524.256473916663,318.33324525554247,362.48615596704326,540.2108831772687,324.64080635497623
labeled-data,stim_block_019,img16.png,244.12667738874438,560.6176921713941,316.8491138982065,409.23629372312604,532.0481607119209,336.5138572136639
labeled-data,stim_block_019,img43.png,276.7775672501356,626.6615375728444,319.07531093421045,452.2761030858689,531.306095033253,340.22418560700385
labeled-data,stim_block_019,img58.png,224.8329697433769,556.1652980993862,304.2339973608508,394.3949801497664,531.306095033253,335.02972585632796
