scorer,,,baxter,baxter,baxter,baxter,baxter,baxter
bodyparts,,,toe,toe,ankle,ankle,knee,knee
coords,,,x,y,x,y,x,y
labeled-data,stim_block_022,img13.png,218.89644431403303,476.0222048032443,287.1664867514873,342.4503826430078,514.9806501025573,273.43827452688555
labeled-data,stim_block_022,img27.png,208.5075248126813,463.4070882658886,291.61888082349515,340.96625128567183,513.4965187452214,273.43827452688555
labeled-data,stim_block_022,img44.png,201.08686802600153,461.9229569085527,285.68235539415133,342.4503826430078,509.04412467321356,274.9224058842215
labeled-data,stim_block_022,img48.png,204.05513074067346,463.4070882658886,285.68235539415133,341.7083169643398,509.7861903518815,270.47001181221367
