scorer,,,baxter,baxter,baxter,baxter,baxter,baxter
bodyparts,,,toe,toe,ankle,ankle,knee,knee
coords,,,x,y,x,y,x,y
labeled-data,stim_block_036,img13.png,338.3690185795779,597.7209761047932,325.75390204222225,424.07760729648567,612.9333196867308,299.4105732802649
labeled-data,stim_block_036,img20.png,343.5634783302538,599.205107462129,324.26977068488634,435.95065815517336,609.2229912933909,303.8629673522728
labeled-data,stim_block_036,img50.png,343.5634783302538,592.5265163541172,320.5594422915464,430.0141327258295,609.9650569720588,300.89470463760085
labeled-data,stim_block_036,img59.png,339.1110842582459,595.4947790687892,318.33324525554247,430.0141327258295,608.4809256147229,300.89470463760085
