scorer,,,baxter,baxter,baxter,baxter,baxter,baxter
bodyparts,,,toe,toe,ankle,ankle,knee,knee
coords,,,x,y,x,y,x,y
labeled-data,stim_block_023,img06.png,323.52770500621835,540.5819188473586,300.52366896751096,349.1289737510196,533.5322920692569,258.596960953526
labeled-data,stim_block_023,img15.png,319.07531093421045,540.5819188473586,296.07127489550305,347.64484239368363,532.0481607119209,258.596960953526
labeled-data,stim_block_023,img41.png,313.88085118353456,537.6136561326867,298.297471931507,347.64484239368363,536.5005547839288,256.370763917522
labeled-data,stim_block_023,img51.png,315.3649825408705,546.5184442767024,296.81334057417104,346.90277671501565,535.7584891052608,255.62869823885404
