scorer,,,baxter,baxter,baxter,baxter,baxter,baxter
bodyparts,,,toe,toe,ankle,ankle,knee,knee
coords,,,x,y,x,y,x,y
labeled-data,stim_block_024,img00.png,292.36094650216313,536.1295247753508,280.48789564347544,350.61310510835557,569.8935103239879,252.6604355241821
labeled-data,stim_block_024,img31.png,210.73372184868526,518.3199484873192,279.74582996480746,343.9345140003437,566.925247609316,251.91836984551412
labeled-data,stim_block_024,img39.png,243.3846117100764,535.3874590966827,284.19822403681536,351.35517078702355,569.8935103239879,251.91836984551412
labeled-data,stim_block_024,img54.png,273.80930453546364,536.1295247753508,279.00376428613947,346.16071103634766,566.925247609316,245.9818444161703
